time,left,mid,right
0,0,0,0
1,0,0,0
2,0,0,0
3,0,0,0
4,0,0,0
5,0,0,0
6,0,0,0
7,0,0,0
8,0,0,0
9,0,0,0
10,0,0,0
11,0,0,0
12,0,0,0
13,0,0,0
14,0,0,0
15,0,0,0
16,0,0,0
17,0,0,0
18,0,0,0
19,0,0,0
20,0,0,0
21,0,0,0
22,0,0,0
23,0,0,0
24,0,0,0
25,0,0,0
26,0,0,0
27,0,0,0
28,0,0,0
29,0,0,0
30,0,0,0
31,0,0,0
32,0,0,0
33,0,0,0
34,0,0,0
35,0,0,0
36,0,0,0
37,0,0,0
38,0,0,0
39,0,0,0
40,0,0,0
41,0,0,0
42,0,0,0
43,0,0,0
44,0,0,0
45,0,0,0
46,0,0,0
47,0,0,0
48,0,0,0
49,0,0,0
50,0,0,0
51,0,0,0
52,0,0,0
53,0,0,0
54,0,0,0
55,0,0,0
56,0,0,0
57,0,0,0
58,0,0,0
59,0,0,0
60,0,0,0
61,0,0,0
62,0,0,0
63,0,0,0
64,0,0,0
65,0,0,0
66,0,0,0
67,0,0,0
68,0,0,0
69,0,0,0
70,0,0,0
71,0,0,0
72,0,0,0
73,0,0,0
74,0,0,0
75,0,0,0
76,0,0,0
77,0,0,0
78,0,0,0
79,0,0,0
80,0,0,0
81,0,0,0
82,0,0,0
83,0,0,0
84,0,0,0
85,0,0,0
86,0,0,0
87,0,0,0
88,0,0,0
89,0,0,0
90,0,0,0
91,0,0,0
92,0,0,0
93,0,0,0
94,0,0,0
95,0,0,0
96,0,0,0
97,0,0,0
98,0,0,0
99,0,0,0
100,0,0,0
101,0.0014285714285738,5.4270637241737e-06,8.1491907787276e-09
102,0.0035604956268899,3.1610324915053e-05,9.410922742595e-08
103,0.0061184513901384,9.9420045731626e-05,5.3075305114028e-07
104,0.0089629895110728,0.00022837096579564,2.0084534740386e-06
105,0.01201464509818,0.00043309436987,5.8395500427694e-06
106,0.01522411520931,0.00072295915341066,1.4068507742092e-05
107,0.018558696992788,0.0011030226208134,2.9455917863191e-05
108,0.021995510773416,0.001575213648123,5.5358294953508e-05
109,0.025517853739054,0.0021393448239561,9.555022705449e-05
110,0.029113108732821,0.0027938725944111,0.00015403340972678
111,0.032771477032294,0.0035364343147216,0.00023486290844196
112,0.03648517353887,0.0043642148477597,0.00034200588266114
113,0.040247894880577,0.0052741908123673,0.00047923683728862
114,0.044054455776217,0.0062632896295431,0.00065006690487489
115,0.04790053310992,0.0073284901924913,0.00085770165620919
116,0.051782481217197,0.0084668839559699,0.0011050211644421
117,0.055697195580608,0.0096757094333005,0.0013945764592727
118,0.05964201024023,0.010952369021235,0.0017285974208605
119,0.063614619189649,0.012294434260461,0.0021090081915525
120,0.067613015163111,0.013699643703773,0.0025374471369336
121,0.071635441251933,0.0151658962319,0.0030152891909409
122,0.075680352136952,0.016691241739309,0.0035436690586003
123,0.07974638263709,0.018273870479231,0.0041235042384162
124,0.083832321903515,0.019912101920355,0.0047555171890879
125,0.087937092029417,0.021604373666561,0.0054402562279213
126,0.09205973015799,0.023349230784257,0.0061781149343262
127,0.096199373395705,0.025145315740656,0.0069693499604732
128,0.10035524600112,0.026991359060753,0.007814097237795
129,0.10452664843922,0.028886170747017,0.0087123866243006
130,0.10871294798017,0.030828632464157,0.0096641550723982
131,0.11291357058812,0.032817690464935,0.010669258416605
132,0.1171279938961,0.034852349217164,0.011727481889854
133,0.12135574110168,0.036931665683334,0.012838549479526
134,0.12559637564841,0.039054744200426,0.014002132232194
135,0.12984949658093,0.041220731906763,0.015217855611156
136,0.13411473448066,0.043428814664098,0.016485306004248
137,0.13839174790376,0.045678213425654,0.017804036472032
138,0.14268022025484,0.047968181004138,0.019173571818785
139,0.14697985703998,0.050297999197317,0.020593413061092
140,0.15129038345064,0.052666976232447,0.022063041361561
141,0.15561154223678,0.055074444494467,0.023581921488293
142,0.15994309183304,0.057519758506323,0.025149504854361
143,0.16428480470698,0.060002293133051,0.02676523218572
144,0.16863646590196,0.062521441984231,0.028428535860652
145,0.17299787175118,0.065076615992179,0.030138841959033
146,0.17736882874204,0.067667242145723,0.031895572055429
147,0.18174915251287,0.070292762361677,0.033698144786107
148,0.18613866696603,0.072952632478128,0.035545977216645
149,0.19053720348353,0.07564632135546,0.037438486033721
150,0.19494460023304,0.078373310072672,0.039375088581925
151,0.1993607015533,0.081133091207946,0.041355203764033
152,0.20378535740988,0.083925168193739,0.043378252821001
153,0.20821842291256,0.086749054737766,0.045443660006056
154,0.21265975788739,0.089604274302277,0.047550853165562
155,0.21710922649674,0.092490359634895,0.049699264237847
156,0.22156669690182,0.095406852345081,0.051888329679867
157,0.22603204096259,0.098353302520986,0.05411749083042
158,0.23050513397072,0.10132926838206,0.056386194217568
159,0.23498585441171,0.10433431596334,0.058693891817068
160,0.23947408375273,0.10736801882777,0.06104004126776
161,0.24396970625315,0.1104299578035,0.063424106049184
162,0.24847260879523,0.11351972074311,0.065845555626067
163,0.25298268073244,0.11663690230258,0.068303865563765
164,0.25749981375347,0.11978110373756,0.070798517618265
165,0.26202390176014,0.1229519327152,0.073328999803928
166,0.26655484075746,0.12614900313963,0.075894806441762
167,0.27109252875456,0.12937193498987,0.078495438190701
168,0.27563686567519,0.13262035416851,0.081130402064047
169,0.28018775327668,0.13589389236024,0.083799211433002
170,0.28474509507639,0.13919218689908,0.08650138601897
171,0.28930879628484,0.14251488064345,0.089236451876101
172,0.29387876374469,0.14586162185812,0.092003941365401
173,0.29845490587496,0.14923206410262,0.094803393121541
174,0.30303713261985,0.15262586612511,0.097634352013384
175,0.30762535540171,0.15604269176149,0.10049636909912
176,0.31221948707766,0.159482209839,0.10338900157677
177,0.31681944189941,0.16294409408404,0.1063118127308
178,0.32142513547604,0.16642802303373,0.1092643718754
179,0.32603648473931,0.16993367995085,0.11224625429492
180,0.33065340791129,0.17346075274203,0.11525704118208
181,0.33527582447398,0.17700893387864,0.11829631957417
182,0.33990365514092,0.18057792032037,0.12136368228779
183,0.34453682183021,0.18416741344124,0.12445872785222
184,0.34917524763927,0.18777711895772,0.12758106044196
185,0.35381885682065,0.19140674685899,0.13073028980843
186,0.35846757475928,0.19505601133906,0.13390603121125
187,0.36312132795061,0.19872463073061,0.13710790534911
188,0.36778004397983,0.20241232744053,0.1403355382905
189,0.3724436515019,0.20611882788701,0.14358856140444
190,0.37711208022243,0.20984386243797,0.14686661129124
191,0.38178526087926,0.21358716535096,0.1501693297135
192,0.38646312522469,0.21734847471431,0.15349636352736
193,0.39114560600834,0.22112753238944,0.15684736461419
194,0.39583263696056,0.22492408395438,0.16022198981261
195,0.40052415277632,0.22873787864841,0.16361990085107
196,0.40522008909963,0.23256866931765,0.16704076428098
197,0.40992038250835,0.23641621236175,0.17048425141035
198,0.41462497049938,0.2402802676815,0.17395003823815
199,0.41933379147433,0.24416059862735,0.17743780538925
200,0.42404678472542,0.24805697194886,0.18094723805006
201,0.42876389042178,0.251969157745,0.18447802590483
202,0.43348504959604,0.25589692941524,0.18802986307276
203,0.43821020413124,0.25984006361149,0.19160244804572
204,0.44293929674796,0.26379834019081,0.19519548362676
205,0.44767227099174,0.2677715421689,0.19880867686939
206,0.45240907122078,0.27175945567427,0.20244173901756
207,0.45714964259382,0.27576186990319,0.20609438544641
208,0.4618939310583,0.2797785770753,0.20976633560379
209,0.46664188333868,0.28380937238994,0.21345731295255
210,0.47139344692503,0.28785405398316,0.2171670449135
211,0.47614857006175,0.29191242288527,0.22089526280923
212,0.48090720173658,0.29598428297923,0.22464170180862
213,0.48566929166967,0.30006944095947,0.2284061008721
214,0.49043479030297,0.30416770629146,0.23218820269766
215,0.49520364878967,0.30827889117182,0.23598775366757
216,0.4999758189839,0.31240281048903,0.23980450379589
217,0.50475125343052,0.31653928178475,0.24363820667663
218,0.50952990535516,0.32068812521564,0.24748861943265
219,0.51431172865435,0.32484916351587,0.25135550266532
220,0.51909667788578,0.32902222196001,0.2552386204048
221,0.52388470825881,0.33320712832661,0.25913774006104
222,0.52867577562504,0.33740371286223,0.26305263237552
223,0.53346983646903,0.34161180824603,0.26698307137358
224,0.53826684789921,0.34583124955484,0.2709288343175
225,0.54306676763888,0.35006187422878,0.27488970166019
226,0.54786955401736,0.35430352203734,0.27886545699952
227,0.55267516596127,0.35855603504598,0.2828558870334
228,0.55748356298593,0.3628192575832,0.28686078151533
229,0.56229470518692,0.36709303620809,0.29087993321074
230,0.56710855323174,0.37137721967831,0.29491313785386
231,0.57192506835157,0.37567165891864,0.29896019410522
232,0.57674421233319,0.37997620698982,0.30302090350973
233,0.581565947511,0.38429071905801,0.30709507045545
234,0.58639023675918,0.38861505236456,0.31118250213282
235,0.5912170434839,0.39294906619628,0.31528300849458
236,0.59604633161572,0.39729262185613,0.31939640221617
237,0.60087806560206,0.4016455826343,0.32352249865676
238,0.60571221039977,0.40600781377976,0.32766111582084
239,0.61054873146786,0.41037918247214,0.33181207432029
240,0.61538759476024,0.41475955779412,0.33597519733706
241,0.62022876671868,0.41914881070411,0.34015031058635
242,0.62507221426579,0.4235468140094,0.34433724228034
243,0.62991790479813,0.42795344233965,0.34853582309239
244,0.63476580617939,0.43236857212078,0.35274588612183
245,0.63961588673376,0.43679208154922,0.35696726685917
246,0.64446811523923,0.44122385056657,0.36119980315188
247,0.64932246092119,0.44566376083456,0.3654433351706
248,0.65417889344595,0.45011169571041,0.36969770537586
249,0.65903738291442,0.45456754022255,0.3739627584853
250,0.66389789985594,0.45903118104667,0.37823834144131
251,0.66876041522206,0.46350250648209,0.38252430337916
252,0.67362490038055,0.46798140642854,0.38682049559562
253,0.67849132710941,0.47246777236321,0.39112677151794
254,0.683359667591,0.47696149731812,0.39544298667337
255,0.68822989440623,0.48146247585788,0.39976899865904
256,0.69310198052888,0.48597060405773,0.40410466711235
257,0.69797589931993,0.49048577948186,0.4084498536817
258,0.70285162452205,0.49500790116213,0.41280442199769
259,0.70772913025409,0.49953686957699,0.41716823764473
260,0.71260839100574,0.50407258663077,0.42154116813305
261,0.71748938163217,0.50861495563328,0.42592308287109
262,0.72237207734882,0.51316388127963,0.43031385313833
263,0.72725645372622,0.51771926963041,0.43471335205844
264,0.73214248668493,0.52228102809211,0.43912145457293
265,0.7370301524905,0.52684906539785,0.44353803741504
266,0.74191942774852,0.53142329158835,0.4479629790841
267,0.74681028939978,0.53600361799323,0.4523961598202
268,0.75170271471545,0.54058995721251,0.4568374615793
269,0.75659668129232,0.54518222309844,0.46128676800861
270,0.7614921670482,0.54978033073751,0.46574396442235
271,0.76638915021725,0.55438419643283,0.47020893777791
272,0.77128760934547,0.55899373768665,0.47468157665224
273,0.77618752328629,0.5636088731832,0.47916177121874
274,0.78108887119605,0.56822952277175,0.48364941322428
275,0.78599163252978,0.57285560744991,0.48814439596674
276,0.79089578703683,0.57748704934721,0.49264661427276
277,0.7958013147567,0.58212377170883,0.49715596447582
278,0.80070819601489,0.58676569887966,0.50167234439469
279,0.80561641141875,0.59141275628853,0.5061956533121
280,0.8105259418535,0.59606487043268,0.51072579195381
281,0.81543676847822,0.60072196886243,0.51526266246791
282,0.82034887272193,0.60538398016614,0.51980616840444
283,0.82526223627972,0.61005083395529,0.52435621469534
284,0.83017684110893,0.61472246084987,0.5289127076346
285,0.83509266942544,0.61939879246386,0.53347555485877
286,0.8400097036999,0.62407976139106,0.53804466532774
287,0.8449279266541,0.62876530119102,0.54261994930575
288,0.84984732125742,0.63345534637521,0.54720131834272
289,0.85476787072321,0.63814983239336,0.55178868525582
290,0.85968955850534,0.64284869562005,0.55638196411134
291,0.86461236829474,0.64755187334145,0.56098107020675
292,0.86953628401602,0.65225930374223,0.56558592005309
293,0.87446128982409,0.65697092589273,0.57019643135759
294,0.87938737010087,0.66168667973624,0.5748125230065
295,0.88431450945209,0.66640650607653,0.57943411504822
296,0.88924269270398,0.67113034656545,0.58406112867664
297,0.89417190490022,0.67585814369087,0.58869348621476
298,0.89910213129875,0.68058984076463,0.59333111109845
299,0.90403335736872,0.68532538191077,0.59797392786057
300,0.90896556878749,0.69006471205389,0.60262186211521
301,0.91247018000904,0.69480234984393,0.60727483239303
302,0.91527239577701,0.69952291263862,0.61193269676269
303,0.91764952358041,0.7042054774339,0.61659511111704
304,0.91974099910717,0.70883047750388,0.62126131486961
305,0.92162627392321,0.71338323032238,0.62592992647319
306,0.92335463783599,0.71785431648666,0.63059883324672
307,0.92495878075069,0.72223862890871,0.63526520736015
308,0.9264615695815,0.7265341896421,0.63992562602355
309,0.92787969456237,0.7307411377309,0.64457624932304
310,0.92922576045222,0.73486096905466,0.64921301117317
311,0.93050955375315,0.73889599926686,0.65383179304111
312,0.93173884751849,0.74284899718658,0.65842856520938
313,0.93291993324754,0.74672294054057,0.66299949151132
314,0.93405798451895,0.75052085690752,0.6675410000361
315,0.93515731291366,0.75424572303863,0.67204982530542
316,0.93622155272653,0.75790040375909,0.67652302819696
317,0.93725379726827,0.76148761746187,0.68095799947784
318,0.9382567014526,0.76500991927396,0.68535245189864
319,0.93923256039804,0.76846969578698,0.6897044047697
320,0.94018337063842,0.7718691671803,0.69401216398829
321,0.94111087850424,0.7752103938966,0.69827429968189
322,0.94201661888809,0.77849528594761,0.70248962299404
323,0.9429019466938,0.78172561356077,0.70665716305061
324,0.94376806264025,0.78490301831422,0.71077614478204
325,0.94461603464941,0.78802902420904,0.71484596801392
326,0.9454468157363,0.79110504833387,0.71886618805272
327,0.94626125909367,0.79413241091876,0.72283649786447
328,0.94706013090119,0.79711234467044,0.72675671185779
329,0.94784412126907,0.80004600334493,0.73062675122621
330,0.94861385363739,0.80293446955529,0.73444663077016
331,0.94936989288533,0.80577876183831,0.73821644709923
332,0.9501127523544,0.80857984102022,0.74193636810593
333,0.95084289995086,0.81133861592979,0.74560662359992
334,0.95156076346246,0.81405594851144,0.74922749699362
335,0.95226673520151,0.81673265839135,0.75279931793523
336,0.95296117606731,0.81936952694843,0.75632245579153
337,0.95364441910656,0.8219673009395,0.75979731389048
338,0.95431677263776,0.82452669572449,0.7632243244412
339,0.95497852299657,0.8270483981343,0.76660394405636
340,0.9556299369501,0.82953306901981,0.76993664980967
341,0.95627126382223,0.83198134551722,0.77322293576772
342,0.95690273736567,0.83439384306144,0.7764633099419
343,0.9575245774122,0.83677115717569,0.77965829161208
344,0.95813699132808,0.8391138650629,0.7828084089788
345,0.95874017529852,0.84142252702146,0.78591419710581
346,0.95933431546168,0.84369768770544,0.78897619611889
347,0.95991958891048,0.84593987724718,0.79199494963083
348,0.96049616457795,0.84814961225823,0.794971003366
349,0.96106420402008,0.85032739672257,0.79790490396078
350,0.96162386210845,0.85247372279463,0.80079719791913
351,0.96217528764322,0.85458907151313,0.80364843070477
352,0.9627186238961,0.85667391344054,0.80645914595379
353,0.96325400909141,0.85872870923664,0.8092298847932
354,0.96378157683275,0.86075391017395,0.81196118525292
355,0.96430145648152,0.86274995860156,0.81465358175978
356,0.96481377349308,0.86471728836355,0.81730760470388
357,0.96531864971548,0.86665632517698,0.8199237800685
358,0.96581620365522,0.86856748697428,0.82250262911581
359,0.96630655071381,0.87045118421394,0.82504466812178
360,0.96678980339871,0.87230782016335,0.82755040815418
361,0.96726607151145,0.87413779115666,0.83002035488842
362,0.96773546231582,0.87594148683079,0.83245500845664
363,0.96819808068824,0.87771929034175,0.83485486332596
364,0.96865402925257,0.87947157856381,0.83722040820223
365,0.96910340850106,0.88119872227308,0.83955212595611
366,0.96954631690306,0.8829010863175,0.84185049356877
367,0.96998285100298,0.8845790297746,0.84411598209462
368,0.97041310550865,0.88623290609837,0.84634905663897
369,0.97083717337123,0.88786306325647,0.84855017634869
370,0.97125514585763,0.88946984385876,0.85071979441419
371,0.97166711261639,0.89105358527808,0.85285835808126
372,0.97207316173751,0.8926146197641,0.85496630867135
373,0.97247337980728,0.89415327455096,0.85704408160931
374,0.97286785195833,0.89566987195929,0.85909210645747
375,0.97325666191569,0.89716472949327,0.86111080695516
376,0.97363989203917,0.89863815993305,0.86310060106295
377,0.97401762336246,0.90009047142316,0.86506190101088
378,0.97438993562949,0.90152196755714,0.86699511335012
379,0.97475690732806,0.90293294745888,0.86890063900741
380,0.97511861572129,0.9043237058608,0.87077887334197
381,0.97547513687703,0.9056945331793,0.87263020620441
382,0.97582654569541,0.90704571558762,0.87445502199717
383,0.97617291593478,0.90837753508636,0.87625369973638
384,0.97651432023616,0.90969026957185,0.87802661311467
385,0.97685083014647,0.91098419290248,0.87977413056487
386,0.97718251614044,0.91225957496328,0.88149661532415
387,0.9775094476416,0.91351668172867,0.88319442549872
388,0.97783169304222,0.91475577532371,0.88486791412864
389,0.97814931972243,0.91597711408378,0.88651742925277
390,0.97846239406849,0.91718095261298,0.88814331397371
391,0.97877098149047,0.91836754184106,0.88974590652256
392,0.97907514643913,0.91953712907927,0.89132554032353
393,0.97937495242232,0.9206899580749,0.89288254405813
394,0.9796704620208,0.92182626906483,0.8944172417291
395,0.97996173690353,0.92294629882798,0.89592995272384
396,0.98024883784256,0.92405028073668,0.89742099187737
397,0.98053182472742,0.92513844480722,0.89889066953476
398,0.9808107565792,0.92621101774937,0.900339291613
399,0.9810856915642,0.92726822301507,0.90176715966228
400,0.98135668700725,0.92831028084623,0.90317457092665
401,0.98162379940476,0.92933740832176,0.90456181840399
402,0.9818870844374,0.93034981940374,0.9059291909054
403,0.98214659698254,0.93134772498289,0.90727697311387
404,0.98240239112641,0.93233133292329,0.90860544564224
405,0.98265452017602,0.93330084810627,0.90991488509053
406,0.98290303667084,0.93425647247378,0.91120556410251
407,0.98314799239423,0.93519840507091,0.91247775142159
408,0.98338943838466,0.93612684208787,0.91373171194602
409,0.98362742494678,0.93704197690118,0.91496770678335
410,0.9838620016622,0.93794400011441,0.9161859933042
411,0.98409321740011,0.93883309959811,0.91738682519533
412,0.98432112032776,0.93970946052927,0.91857045251198
413,0.98454575792073,0.94057326543012,0.91973712172955
414,0.984767176973,0.94142469420635,0.92088707579454
415,0.98498542360688,0.94226392418478,0.92202055417483
416,0.98520054328281,0.94309113015049,0.92313779290926
417,0.98541258080894,0.94390648438332,0.92423902465654
418,0.98562158035058,0.94471015669392,0.92532447874349
419,0.98582758543957,0.94550231445921,0.92639438121256
420,0.98603063898336,0.94628312265737,0.92744895486878
421,0.9862307832741,0.94705274390226,0.92848841932598
422,0.98642805999749,0.94781133847736,0.92951299105241
423,0.98662251024152,0.94855906436926,0.93052288341568
424,0.98681417450513,0.9492960773006,0.93151830672711
425,0.98700309270665,0.95002253076255,0.93249946828542
426,0.98718930419219,0.95073857604684,0.93346657241983
427,0.98737284774386,0.9514443622773,0.93441982053254
428,0.98755376158788,0.95214003644095,0.93535941114061
429,0.98773208340259,0.95282574341868,0.93628553991725
430,0.98790785032631,0.95350162601538,0.93719839973251
431,0.98808109896509,0.95416782498979,0.93809818069342
432,0.98825186540039,0.95482447908377,0.93898507018352
433,0.98842018519657,0.95547172505125,0.93985925290187
434,0.98858609340835,0.95610969768673,0.94072091090147
435,0.9887496245881,0.95673852985334,0.94157022362717
436,0.98891081279306,0.95735835251056,0.942407367953
437,0.98906969159245,0.95796929474145,0.94323251821898
438,0.98922629407445,0.95857148377961,0.94404584626741
439,0.98938065285313,0.95916504503566,0.94484752147867
440,0.98953280007522,0.95975010212332,0.94563771080646
441,0.98968276742683,0.96032677688526,0.94641657881252
442,0.98983058614007,0.96089518941838,0.94718428770098
443,0.9899762869995,0.96145545809888,0.94794099735203
444,0.99011990034863,0.96200769960692,0.94868686535528
445,0.99026145609616,0.9625520289509,0.94942204704255
446,0.99040098372229,0.96308855949143,0.9501466955202
447,0.99053851228479,0.96361740296495,0.95086096170101
448,0.99067407042512,0.96413866950697,0.95156499433563
449,0.99080768637435,0.96465246767504,0.95225894004352
450,0.99093938795905,0.96515890447136,0.95294294334351
451,0.99106920260712,0.96565808536505,0.95361714668388
452,0.99119715735346,0.96615011431413,0.95428169047201
453,0.99132327884563,0.96663509378715,0.95493671310364
454,0.99144759334938,0.96711312478456,0.95558235099168
455,0.99157012675414,0.96758430685973,0.95621873859462
456,0.99169090457842,0.96804873813968,0.95684600844452
457,0.9918099519751,0.96850651534554,0.95746429117462
458,0.99192729373666,0.96895773381264,0.95807371554655
459,0.9920429543004,0.96940248751044,0.95867440847711
460,0.99215695775347,0.96984086906204,0.95926649506475
461,0.99226932783791,0.97027296976349,0.95985009861559
462,0.99238008795562,0.97069887960282,0.96042534066909
463,0.99248926117318,0.97111868727876,0.96099234102339
464,0.9925968702267,0.97153248021922,0.96155121776025
465,0.99270293752655,0.97194034459947,0.96210208726961
466,0.99280748516198,0.97234236536017,0.96264506427388
467,0.9929105349058,0.97273862622494,0.96318026185179
468,0.99301210821885,0.97312920971791,0.96370779146195
469,0.99311222625448,0.97351419718082,0.96422776296607
470,0.993210909863,0.97389366879002,0.96474028465183
471,0.99330817959596,0.97426770357314,0.96524546325545
472,0.99340405571047,0.97463637942554,0.96574340398388
473,0.99349855817341,0.97499977312656,0.96623421053676
474,0.99359170666559,0.97535796035547,0.96671798512797
475,0.99368352058583,0.97571101570729,0.96719482850693
476,0.99377401905503,0.97605901270825,0.96766483997962
477,0.99386322092013,0.97640202383118,0.96812811742919
478,0.99395114475806,0.97674012051054,0.96858475733641
479,0.99403780887956,0.97707337315733,0.96903485479973
480,0.99412323133305,0.97740185117376,0.96947850355509
481,0.99420742990835,0.97772562296766,0.96991579599543
482,0.99429042214042,0.97804475596678,0.97034682318996
483,0.99437222531295,0.9783593166328,0.97077167490311
484,0.99445285646205,0.97866937047517,0.97119043961321
485,0.99453233237971,0.97897498206479,0.97160320453094
486,0.99461066961734,0.97927621504741,0.97201005561747
487,0.99468788448923,0.97957313215689,0.97241107760239
488,0.99476399307591,0.97986579522831,0.97280635400133
489,0.99483901122753,0.9801542652108,0.97319596713336
490,0.99491295456715,0.98043860218024,0.97357999813814
491,0.99498583849398,0.98071886535181,0.9739585269928
492,0.99505767818661,0.98099511309226,0.97433163252863
493,0.99512848860617,0.98126740293212,0.97469939244747
494,0.99519828449941,0.98153579157766,0.97506188333788
495,0.99526708040182,0.98180033492269,0.97541918069114
496,0.99533489064062,0.98206108806021,0.9757713589169
497,0.99540172933778,0.98231810529388,0.97611849135875
498,0.99546761041293,0.98257144014934,0.97646065030945
499,0.99553254758624,0.98282114538534,0.97679790702598
500,0.99559655438135,0.98306727300476,0.97713033174443
501,0.99565964412812,0.98330987426538,0.97745799369455
502,0.99572182996544,0.98354899969061,0.97778096111424
503,0.99578312484392,0.98378469907999,0.97809930126373
504,0.99584354152867,0.98401702151958,0.97841308043958
505,0.99590309260188,0.98424601539215,0.97872236398849
506,0.99596179046547,0.98447172838726,0.97902721632092
507,0.9960196473437,0.98469420751124,0.97932770092451
508,0.99607667528565,0.9849134990969,0.97962388037727
509,0.99613288616779,0.98512964881327,0.97991581636065
510,0.99618829169644,0.98534270167502,0.98020356967236
511,0.99624290341019,0.98555270205191,0.98048720023903
512,0.99629673268229,0.98575969367799,0.98076676712871
513,0.99634979072309,0.9859637196607,0.98104232856317
514,0.99640208858228,0.98616482248988,0.98131394192999
515,0.99645363715126,0.98636304404662,0.98158166379456
516,0.99650444716538,0.98655842561192,0.98184554991184
517,0.99655452920618,0.98675100787537,0.98210565523795
518,0.99660389370359,0.98694083094357,0.98236203394164
519,0.99665255093812,0.9871279343485,0.98261473941557
520,0.99670051104298,0.98731235705575,0.98286382428742
521,0.9967477840062,0.98749413747265,0.98310934043086
522,0.99679437967269,0.98767331345624,0.98335133897635
523,0.99684030774633,0.98784992232116,0.98358987032176
524,0.99688557779197,0.98802400084744,0.98382498414293
525,0.99693019923741,0.98819558528817,0.98405672940395
526,0.99697418137538,0.98836471137699,0.98428515436739
527,0.99701753336545,0.98853141433561,0.98451030660434
528,0.997060264236,0.98869572888106,0.98473223300434
529,0.99710238288602,0.98885768923302,0.9849509797851
530,0.99714389808702,0.98901732912085,0.98516659250218
531,0.99718481848482,0.98917468179067,0.98537911605844
532,0.99722515260139,0.98932978001229,0.98558859471337
533,0.99726490883658,0.98948265608598,0.9857950720924
534,0.99730409546992,0.98963334184927,0.98599859119586
535,0.99734272066228,0.98978186868351,0.98619919440803
536,0.99738079245765,0.98992826752045,0.98639692350595
537,0.99741831878473,0.99007256884869,0.98659181966807
538,0.99745530745864,0.99021480271997,0.98678392348288
539,0.99749176618254,0.9903549987555,0.98697327495735
540,0.99752770254921,0.99049318615208,0.98715991352524
541,0.99756312404265,0.9906293936882,0.98734387805535
542,0.99759803803963,0.99076364973004,0.98752520685956
543,0.99763245181124,0.99089598223735,0.98770393770088
544,0.99766637252438,0.99102641876931,0.98788010780125
545,0.99769980724329,0.99115498649023,0.98805375384932
546,0.99773276293097,0.99128171217523,0.98822491200811
547,0.99776524645067,0.99140662221585,0.98839361792248
548,0.99779726456733,0.99152974262545,0.98855990672663
549,0.99782882394893,0.99165109904472,0.98872381305137
550,0.99785993116793,0.991770716747,0.98888537103133
551,0.99789059270264,0.9918886206435,0.9890446143121
552,0.99792081493853,0.99200483528853,0.98920157605719
553,0.99795060416959,0.9921193848846,0.98935628895499
554,0.99797996659964,0.99223229328748,0.98950878522554
555,0.99800890834361,0.99234358401112,0.98965909662726
556,0.99803743542881,0.99245328023259,0.98980725446355
557,0.99806555379623,0.99256140479691,0.9899532895893
558,0.9980932693017,0.99266798022176,0.99009723241737
559,0.99812058771716,0.99277302870222,0.99023911292485
560,0.99814751473188,0.99287657211538,0.99037896065934
561,0.99817405595359,0.99297863202488,0.99051680474512
562,0.99820021690968,0.9930792296854,0.99065267388918
563,0.99822600304836,0.99317838604711,0.99078659638722
564,0.99825141973977,0.99327612176002,0.99091860012953
565,0.99827647227712,0.99337245717827,0.99104871260682
566,0.99830116587776,0.99346741236438,0.99117696091592
567,0.99832550568433,0.99356100709345,0.99130337176544
568,0.99834949676574,0.99365326085722,0.99142797148133
569,0.99837314411831,0.99374419286818,0.99155078601233
570,0.99839645266677,0.99383382206357,0.99167184093545
571,0.99841942726528,0.99392216710928,0.99179116146121
572,0.99844207269848,0.9940092464038,0.99190877243894
573,0.99846439368241,0.994095078082,0.99202469836196
574,0.9984863948656,0.99417968001892,0.99213896337265
575,0.99850808082993,0.9942630698335,0.9922515912675
576,0.99852945609166,0.99434526489227,0.99236260550205
577,0.99855052510235,0.9944262823129,0.99247202919579
578,0.99857129224975,0.99450613896786,0.99257988513698
579,0.99859176185877,0.99458485148785,0.99268619578736
580,0.99861193819235,0.99466243626529,0.99279098328687
581,0.99863182545235,0.99473890945776,0.99289426945825
582,0.99865142778044,0.99481428699134,0.99299607581156
583,0.99867074925894,0.99488858456393,0.99309642354869
584,0.99868979391167,0.99496181764852,0.99319533356774
585,0.99870856570482,0.9950340014964,0.99329282646744
586,0.99872706854775,0.99510515114037,0.99338892255134
587,0.99874530629381,0.99517528139784,0.99348364183215
588,0.99876328274113,0.99524440687392,0.9935770040358
589,0.99878100163343,0.99531254196449,0.99366902860563
590,0.9987984666608,0.99537970085914,0.9937597347064
591,0.99881568146045,0.99544589754419,0.99384914122829
592,0.99883264961748,0.99551114580556,0.99393726679083
593,0.99884937466564,0.99557545923166,0.99402412974679
594,0.99886586008802,0.9956388512162,0.99410974818598
595,0.99888210931784,0.99570133496102,0.99419413993905
596,0.9988981257391,0.99576292347879,0.99427732258117
597,0.99891391268735,0.99582362959574,0.9943593134357
598,0.99892947345031,0.99588346595436,0.99444012957781
599,0.99894481126864,0.99594244501598,0.99451978783803
600,0.99895992933654,0.9960005790634,0.99459830480575
601,0.99897483080245,0.99605788020344,0.99467569683268
602,0.99898951876971,0.99611436036948,0.99475198003624
603,0.99900399629718,0.99617003132389,0.99482717030295
604,0.99901826639992,0.99622490466055,0.99490128329171
605,0.99903233204977,0.9962789918072,0.99497433443706
606,0.99904619617601,0.99633230402788,0.99504633895241
607,0.99905986166593,0.99638485242523,0.99511731183322
608,0.99907333136547,0.99643664794282,0.99518726786007
609,0.99908660807978,0.99648770136743,0.99525622160181
610,0.99909969457384,0.99653802333129,0.99532418741853
611,0.999112593573,0.9965876243143,0.99539117946458
612,0.99912530776357,0.99663651464621,0.99545721169152
613,0.99913783979337,0.99668470450879,0.99552229785104
614,0.99915019227227,0.99673220393789,0.99558645149778
615,0.99916236777277,0.99677902282562,0.99564968599218
616,0.9991743688305,0.99682517092232,0.99571201450327
617,0.99918619794477,0.99687065783868,0.9957734500114
618,0.99919785757908,0.99691549304764,0.99583400531095
619,0.99920935016161,0.99695968588647,0.99589369301296
620,0.99922067808578,0.99700324555862,0.99595252554784
621,0.99923184371072,0.99704618113571,0.99601051516786
622,0.99924284936174,0.99708850155937,0.99606767394977
623,0.99925369733085,0.99713021564311,0.99612401379728
624,0.9992643898772,0.9971713320742,0.99617954644357
625,0.99927492922761,0.99721185941542,0.99623428345369
626,0.99928531757695,0.99725180610686,0.99628823622701
627,0.99929555708869,0.99729118046771,0.99634141599956
628,0.99930564989526,0.99732999069795,0.99639383384642
629,0.99931559809857,0.99736824488009,0.99644550068397
630,0.9993254037704,0.99740595098081,0.99649642727217
631,0.99933506895284,0.9974431168527,0.99654662421686
632,0.99934459565875,0.99747975023579,0.99659610197189
633,0.99935398587211,0.99751585875924,0.99664487084136
634,0.99936324154852,0.99755144994291,0.99669294098173
635,0.99937236461553,0.99758653119891,0.99674032240393
636,0.99938135697309,0.99762110983316,0.99678702497547
637,0.9993902204939,0.99765519304689,0.99683305842251
638,0.99939895702387,0.99768878793819,0.99687843233181
639,0.99940756838244,0.99772190150341,0.99692315615282
640,0.99941605636298,0.99775454063869,0.99696723919959
641,0.99942442273318,0.99778671214136,0.99701069065271
642,0.99943266923538,0.99781842271135,0.99705351956126
643,0.99944079758699,0.99784967895262,0.99709573484466
644,0.99944880948078,0.9978804873745,0.99713734529453
645,0.9994567065853,0.99791085439305,0.99717835957654
646,0.99946449054516,0.99794078633243,0.99721878623221
647,0.99947216298143,0.99797028942615,0.99725863368066
648,0.99947972549196,0.99799936981846,0.99729791022041
649,0.99948717965168,0.99802803356555,0.99733662403107
650,0.99949452701297,0.99805628663683,0.99737478317505
651,0.99950176910599,0.99808413491622,0.99741239559928
652,0.99950890743893,0.99811158420331,0.9974494691368
653,0.99951594349842,0.99813864021461,0.99748601150844
654,0.99952287874975,0.99816530858471,0.99752203032439
655,0.99952971463725,0.9981915948675,0.99755753308583
656,0.99953645258453,0.99821750453727,0.99759252718646
657,0.99954309399482,0.9982430429899,0.99762701991404
658,0.99954964025125,0.99826821554395,0.99766101845192
659,0.9995560927171,0.99829302744178,0.99769452988055
660,0.99956245273616,0.99831748385064,0.9977275611789
661,0.99956872163294,0.99834158986374,0.99776011922597
662,0.99957490071299,0.99836535050134,0.99779221080222
663,0.99958099126314,0.99838877071174,0.99782384259092
664,0.99958699455179,0.99841185537239,0.99785502117963
665,0.99959291182916,0.99843460929081,0.99788575306151
666,0.99959874432758,0.99845703720567,0.99791604463667
667,0.9996044932617,0.99847914378774,0.99794590221356
668,0.99961015982878,0.99850093364087,0.99797533201022
669,0.99961574520891,0.99852241130294,0.99800434015562
670,0.9996212505653,0.99854358124684,0.9980329326909
671,0.99962667704447,0.99856444788136,0.99806111557065
672,0.99963202577652,0.9985850155521,0.99808889466417
673,0.99963729787537,0.99860528854244,0.99811627575664
674,0.99964249443896,0.99862527107437,0.99814326455037
675,0.99964761654953,0.99864496730938,0.99816986666595
676,0.99965266527377,0.99866438134937,0.99819608764347
677,0.99965764166313,0.99868351723743,0.99822193294363
678,0.99966254675397,0.99870237895875,0.9982474079489
679,0.99966738156781,0.99872097044141,0.99827251796461
680,0.99967214711154,0.99873929555723,0.99829726822011
681,0.99967684437762,0.99875735812253,0.99832166386981
682,0.99968147434427,0.99877516189897,0.99834570999428
683,0.99968603797573,0.99879271059431,0.99836941160129
684,0.9996905362224,0.99881000786319,0.99839277362686
685,0.99969497002108,0.99882705730789,0.9984158009363
686,0.99969934029513,0.99884386247907,0.99843849832521
687,0.9997036479547,0.99886042687653,0.99846087052048
688,0.99970789389688,0.99887675394992,0.99848292218127
689,0.99971207900592,0.99889284709946,0.9985046579
690,0.9997162041534,0.99890870967667,0.99852608220328
691,0.99972027019841,0.99892434498504,0.99854719955287
692,0.99972427798774,0.99893975628074,0.99856801434661
693,0.99972822835603,0.99895494677326,0.99858853091933
694,0.99973212212597,0.99896991962614,0.99860875354374
695,0.99973596010847,0.99898467795759,0.99862868643135
696,0.99973974310282,0.99899922484112,0.99864833373332
697,0.99974347189685,0.99901356330622,0.99866769954133
698,0.99974714726711,0.99902769633898,0.99868678788847
699,0.99975076997902,0.99904162688271,0.99870560274999
700,0.99975434078703,0.99905535783854,0.99872414804424
701,0.9997578604348,0.99906889206603,0.9987424276334
702,0.99976132965531,0.99908223238378,0.99876044532432
703,0.99976474917105,0.99909538157001,0.99877820486932
704,0.99976811969416,0.99910834236313,0.99879570996693
705,0.99977144192658,0.99912111746231,0.99881296426272
706,0.99977471656017,0.99913370952805,0.99882997135002
707,0.99977794427692,0.99914612118275,0.99884673477068
708,0.99978112574901,0.99915835501121,0.99886325801578
709,0.99978426163901,0.99917041356122,0.99887954452642
710,0.99978735259998,0.99918229934405,0.99889559769437
711,0.99979039927565,0.99919401483501,0.99891142086282
712,0.9997934023005,0.99920556247392,0.99892701732706
713,0.99979636229994,0.99921694466565,0.99894239033515
714,0.9997992798904,0.99922816378064,0.99895754308863
715,0.99980215567949,0.99923922215534,0.99897247874317
716,0.99980499026612,0.99925012209274,0.99898720040922
717,0.99980778424061,0.99926086586281,0.99900171115268
718,0.99981053818482,0.99927145570304,0.9990160139955
719,0.99981325267229,0.99928189381882,0.99903011191636
720,0.99981592826832,0.99929218238396,0.99904400785125
721,0.99981856553012,0.99930232354114,0.99905770469408
722,0.99982116500693,0.99931231940232,0.99907120529733
723,0.9998237272401,0.99932217204921,0.99908451247259
724,0.99982625276324,0.99933188353368,0.99909762899117
725,0.99982874210229,0.99934145587823,0.99911055758467
726,0.9998311957757,0.99935089107636,0.99912330094558
727,0.99983361429444,0.99936019109302,0.99913586172777
728,0.9998359981622,0.999369357865,0.99914824254713
729,0.99983834787542,0.99937839330135,0.99916044598205
730,0.99984066392347,0.99938729928375,0.99917247457397
731,0.99984294678866,0.99939607766695,0.99918433082793
732,0.99984519694642,0.9994047302791,0.99919601721308
733,0.99984741486536,0.99941325892217,0.9992075361632
734,0.99984960100738,0.9994216653723,0.99921889007718
735,0.99985175582776,0.99942995138021,0.99923008131956
736,0.99985387977525,0.9994381186715,0.99924111222099
737,0.99985597329219,0.99944616894708,0.99925198507874
738,0.99985803681455,0.99945410388347,0.99926270215714
739,0.99986007077209,0.99946192513317,0.99927326568812
740,0.99986207558839,0.99946963432503,0.99928367787159
741,0.99986405168097,0.99947723306452,0.99929394087598
742,0.99986599946136,0.99948472293414,0.99930405683861
743,0.9998679193352,0.99949210549371,0.99931402786621
744,0.99986981170232,0.9994993822807,0.99932385603532
745,0.99987167695681,0.99950655481055,0.99933354339272
746,0.99987351548714,0.99951362457699,0.99934309195588
747,0.99987532767618,0.99952059305234,0.99935250371334
748,0.99987711390133,0.99952746168785,0.99936178062517
749,0.9998788745346,0.99953423191394,0.99937092462335
750,0.99988060994264,0.99954090514058,0.99937993761219
751,0.99988232048687,0.9995474827575,0.9993888214687
752,0.99988400652351,0.99955396613455,0.999397578043
753,0.99988566840371,0.99956035662192,0.99940620915872
754,0.99988730647355,0.99956665555048,0.99941471661335
755,0.99988892107417,0.99957286423204,0.99942310217862
756,0.99989051254183,0.99957898395958,0.99943136760089
757,0.99989208120797,0.99958501600759,0.99943951460148
758,0.99989362739926,0.99959096163228,0.99944754487707
759,0.99989515143771,0.99959682207187,0.99945546010001
760,0.99989665364071,0.99960259854683,0.99946326191872
761,0.99989813432112,0.99960829226017,0.99947095195796
762,0.99989959378728,0.99961390439763,0.99947853181925
763,0.99990103234315,0.99961943612798,0.99948600308115
764,0.99990245028831,0.99962488860324,0.9994933672996
765,0.99990384791806,0.99963026295894,0.99950062600824
766,0.99990522552347,0.99963556031431,0.99950778071876
767,0.99990658339143,0.99964078177256,0.99951483292117
768,0.99990792180473,0.99964592842111,0.99952178408414
769,0.9999092410421,0.99965100133178,0.99952863565531
770,0.99991054137828,0.99965600156103,0.99953538906155
771,0.99991182308408,0.9996609301502,0.99954204570932
772,0.99991308642643,0.99966578812571,0.9995486069849
773,0.99991433166841,0.99967057649926,0.99955507425474
774,0.99991555906936,0.99967529626805,0.99956144886567
775,0.9999167688849,0.99967994841503,0.99956773214527
776,0.99991796136697,0.99968453390903,0.99957392540206
777,0.99991913676393,0.999689053705,0.99958002992584
778,0.99992029532055,0.99969350874424,0.99958604698791
779,0.99992143727812,0.99969789995453,0.99959197784138
780,0.99992256287445,0.99970222825037,0.99959782372137
781,0.99992367234396,0.99970649453317,0.99960358584535
782,0.9999247659177,0.9997106996914,0.9996092654133
783,0.99992584382341,0.99971484460081,0.99961486360805
784,0.99992690628559,0.99971893012462,0.99962038159545
785,0.99992795352548,0.99972295711366,0.99962582052466
786,0.9999289857612,0.99972692640659,0.99963118152838
787,0.9999300032077,0.99973083883003,0.99963646572308
788,0.99993100607688,0.99973469519877,0.99964167420921
789,0.99993199457759,0.99973849631594,0.9996468080715
790,0.9999329689157,0.99974224297313,0.9996518683791
791,0.99993392929412,0.99974593595062,0.99965685618586
792,0.99993487591285,0.9997495760175,0.99966177253051
793,0.99993580896903,0.99975316393183,0.99966661843693
794,0.99993672865699,0.99975670044082,0.99967139491431
795,0.99993763516824,0.99976018628098,0.99967610295739
796,0.99993852869158,0.99976362217826,0.99968074354663
797,0.99993940941309,0.9997670088482,0.99968531764849
798,0.99994027751619,0.9997703469961,0.99968982621555
799,0.99994113318166,0.99977363731716,0.99969427018676
800,0.99994197658771,0.99977688049661,0.99969865048758
801,0.99994280790998,0.99978007720987,0.99970296803027
802,0.99994362732159,0.99978322812266,0.99970722371397
803,0.9999444349932,0.99978633389119,0.99971141842497
804,0.99994523109301,0.99978939516227,0.99971555303683
805,0.9999460157868,0.99979241257341,0.99971962841062
806,0.99994678923801,0.99979538675302,0.99972364539507
807,0.99994755160771,0.99979831832049,0.99972760482674
808,0.99994830305466,0.99980120788634,0.99973150753021
809,0.99994904373536,0.99980405605235,0.99973535431825
810,0.99994977380407,0.99980686341165,0.99973914599197
811,0.99995049341281,0.99980963054891,0.99974288334102
812,0.99995120271147,0.99981235804041,0.99974656714373
813,0.99995190184774,0.99981504645415,0.99975019816728
814,0.99995259096724,0.99981769635002,0.99975377716784
815,0.99995327021348,0.99982030827988,0.99975730489079
816,0.99995393972792,0.99982288278769,0.99976078207077
817,0.99995459964998,0.9998254204096,0.99976420943195
818,0.99995525011709,0.99982792167408,0.9997675876881
819,0.99995589126474,0.99983038710206,0.99977091754276
820,0.99995652322643,0.99983281720696,0.99977419968939
821,0.99995714613378,0.99983521249487,0.99977743481153
822,0.99995776011651,0.99983757346464,0.99978062358292
823,0.99995836530249,0.99983990060794,0.99978376666763
824,0.99995896181775,0.99984219440943,0.99978686472023
825,0.99995954978653,0.99984445534679,0.99978991838593
826,0.99996012933126,0.9998466838909,0.99979292830066
827,0.99996070057265,0.99984888050586,0.99979589509126
828,0.99996126362966,0.99985104564912,0.99979881937559
829,0.99996181861955,0.9998531797716,0.99980170176264
830,0.9999623656579,0.99985528331774,0.9998045428527
831,0.99996290485863,0.99985735672561,0.99980734323744
832,0.99996343633405,0.99985940042703,0.99981010350007
833,0.99996396019482,0.99986141484761,0.99981282421542
834,0.99996447655005,0.99986340040685,0.9998155059501
835,0.99996498550727,0.99986535751828,0.99981814926261
836,0.99996548717249,0.99986728658947,0.99982075470344
837,0.99996598165016,0.99986918802216,0.99982332281517
838,0.99996646904328,0.99987106221235,0.99982585413265
839,0.99996694945333,0.99987290955034,0.99982834918303
840,0.99996742298039,0.99987473042085,0.99983080848593
841,0.99996788972304,0.9998765252031,0.99983323255351
842,0.99996834977851,0.99987829427086,0.99983562189061
843,0.9999688032426,0.99988003799254,0.99983797699481
844,0.99996925020975,0.99988175673131,0.99984029835659
845,0.99996969077304,0.99988345084508,0.99984258645939
846,0.99997012502422,0.99988512068668,0.99984484177972
847,0.99997055305372,0.99988676660386,0.99984706478726
848,0.9999709749507,0.99988838893939,0.99984925594498
849,0.999971390803,0.99988998803114,0.99985141570919
850,0.99997180069724,0.99989156421212,0.99985354452968
851,0.99997220471878,0.9998931178106,0.9998556428498
852,0.99997260295176,0.99989464915011,0.99985771110653
853,0.99997299547911,0.99989615854957,0.99985974973061
854,0.99997338238258,0.99989764632332,0.99986175914659
855,0.99997376374274,0.9998991127812,0.99986373977294
856,0.99997413963902,0.99990055822862,0.99986569202215
857,0.9999745101497,0.99990198296659,0.99986761630078
858,0.99997487535194,0.99990338729183,0.99986951300958
859,0.99997523532179,0.99990477149679,0.99987138254355
860,0.99997559013423,0.99990613586976,0.99987322529204
861,0.99997593986314,0.99990748069486,0.99987504163881
862,0.99997628458137,0.99990880625217,0.99987683196213
863,0.99997662436068,0.99991011281775,0.99987859663484
864,0.99997695927186,0.99991140066369,0.99988033602445
865,0.99997728938465,0.9999126700582,0.9998820504932
866,0.99997761476779,0.99991392126563,0.99988374039814
867,0.99997793548905,0.99991515454657,0.99988540609121
868,0.99997825161523,0.99991637015786,0.9998870479193
869,0.99997856321214,0.99991756835264,0.99988866622432
870,0.9999788703447,0.99991874938045,0.99989026134331
871,0.99997917307686,0.99991991348726,0.99989183360845
872,0.99997947147167,0.99992106091549,0.99989338334719
873,0.99997976559127,0.9999221919041,0.99989491088226
874,0.99998005549691,0.99992330668863,0.99989641653179
875,0.99998034124897,0.99992440550125,0.99989790060934
876,0.99998062290695,0.99992548857078,0.99989936342398
877,0.99998090052952,0.99992655612278,0.99990080528034
878,0.9999811741745,0.99992760837959,0.99990222647871
879,0.99998144389886,0.99992864556033,0.99990362731506
880,0.99998170975878,0.99992966788101,0.99990500808113
881,0.99998197180964,0.99993067555454,0.99990636906447
882,0.999982230106,0.99993166879077,0.99990771054851
883,0.99998248470165,0.99993264779654,0.99990903281262
884,0.99998273564962,0.99993361277575,0.99991033613218
885,0.99998298300217,0.99993456392935,0.99991162077862
886,0.99998322681081,0.99993550145543,0.99991288701946
887,0.99998346712631,0.99993642554925,0.99991413511842
888,0.99998370399873,0.99993733640323,0.99991536533541
889,0.99998393747739,0.99993823420709,0.99991657792665
890,0.99998416761092,0.99993911914778,0.99991777314465
891,0.99998439444725,0.99993999140962,0.99991895123834
892,0.9999846180336,0.99994085117424,0.99992011245305
893,0.99998483841656,0.99994169862071,0.99992125703063
894,0.99998505564201,0.99994253392551,0.99992238520943
895,0.9999852697552,0.9999433572626,0.9999234972244
896,0.9999854808007,0.99994416880344,0.99992459330714
897,0.99998568882249,0.99994496871704,0.99992567368591
898,0.99998589386387,0.99994575716999,0.99992673858571
899,0.99998609596754,0.9999465343265,0.9999277882283
900,0.99998629517561,0.9999473003484,0.99992882283229
901,0.99998649152955,0.99994805539524,0.99992984261313
902,0.99998668507026,0.99994879962425,0.99993084778321
903,0.99998687583804,0.99994953319042,0.99993183855185
904,0.99998706387262,0.99995025624652,0.9999328151254
905,0.99998724921316,0.99995096894314,0.99993377770722
906,0.99998743189826,0.9999516714287,0.99993472649779
907,0.99998761196597,0.9999523638495,0.9999356616947
908,0.99998778945378,0.99995304634973,0.99993658349271
909,0.99998796439866,0.99995371907154,0.99993749208378
910,0.99998813683705,0.99995438215503,0.99993838765714
911,0.99998830680484,0.99995503573827,0.99993927039931
912,0.99998847433745,0.9999556799574,0.99994014049411
913,0.99998863946976,0.99995631494657,0.99994099812274
914,0.99998880223615,0.99995694083801,0.99994184346383
915,0.99998896267054,0.99995755776209,0.99994267669341
916,0.99998912080632,0.99995816584728,0.99994349798501
917,0.99998927667643,0.99995876522021,0.99994430750967
918,0.99998943031334,0.9999593560057,0.99994510543598
919,0.99998958174904,0.99995993832681,0.99994589193011
920,0.99998973101506,0.99996051230479,0.99994666715586
921,0.9999898781425,0.99996107805918,0.99994743127467
922,0.99999002316198,0.9999616357078,0.99994818444568
923,0.99999016610373,0.99996218536679,0.99994892682573
924,0.99999030699749,0.99996272715062,0.99994965856944
925,0.99999044587262,0.99996326117212,0.99995037982919
926,0.99999058275803,0.9999637875425,0.9999510907552
927,0.99999071768224,0.99996430637138,0.99995179149552
928,0.99999085067334,0.99996481776682,0.99995248219607
929,0.99999098175903,0.99996532183531,0.99995316300071
930,0.9999911109666,0.99996581868183,0.99995383405122
931,0.99999123832298,0.99996630840985,0.99995449548735
932,0.99999136385467,0.99996679112136,0.99995514744684
933,0.99999148758783,0.99996726691689,0.99995579006548
934,0.99999160954821,0.99996773589553,0.99995642347709
935,0.99999172976123,0.99996819815494,0.99995704781358
936,0.99999184825191,0.9999686537914,0.99995766320498
937,0.99999196504493,0.99996910289978,0.99995826977945
938,0.99999208016462,0.99996954557363,0.99995886766331
939,0.99999219363494,0.99996998190514,0.99995945698107
940,0.99999230547954,0.99997041198516,0.99996003785546
941,0.9999924157217,0.99997083590328,0.99996061040745
942,0.99999252438438,0.99997125374776,0.99996117475629
943,0.99999263149021,0.99997166560564,0.9999617310195
944,0.99999273706149,0.99997207156269,0.99996227931293
945,0.99999284112022,0.99997247170344,0.99996281975076
946,0.99999294368806,0.99997286611123,0.99996335244554
947,0.99999304478638,0.9999732548682,0.99996387750822
948,0.99999314443622,0.99997363805531,0.99996439504813
949,0.99999324265835,0.99997401575235,0.99996490517306
950,0.99999333947321,0.999974388038,0.99996540798925
951,0.99999343490097,0.99997475498978,0.99996590360141
952,0.9999935289615,0.99997511668411,0.99996639211276
953,0.99999362167439,0.99997547319631,0.99996687362503
954,0.99999371305895,0.99997582460063,0.9999673482385
955,0.99999380313421,0.99997617097026,0.99996781605201
956,0.99999389191894,0.99997651237733,0.99996827716299
957,0.99999397943161,0.99997684889294,0.99996873166747
958,0.99999406569045,0.99997718058716,0.9999691796601
959,0.99999415071344,0.99997750752908,0.99996962123418
960,0.99999423451826,0.99997782978679,0.99997005648166
961,0.99999431712239,0.9999781474274,0.99997048549321
962,0.99999439854302,0.99997846051705,0.99997090835814
963,0.99999447879711,0.99997876912096,0.99997132516454
964,0.99999455790136,0.99997907330339,0.99997173599921
965,0.99999463587226,0.99997937312769,0.9999721409477
966,0.99999471272605,0.99997966865629,0.99997254009435
967,0.99999478847872,0.99997995995076,0.99997293352228
968,0.99999486314606,0.99998024707174,0.99997332131342
969,0.99999493674361,0.99998053007904,0.99997370354855
970,0.9999950092867,0.99998080903159,0.99997408030725
971,0.99999508079044,0.99998108398748,0.999974451668
972,0.99999515126973,0.99998135500399,0.99997481770812
973,0.99999522073923,0.99998162213754,0.99997517850386
974,0.99999528921341,0.99998188544378,0.99997553413035
975,0.99999535670654,0.99998214497753,0.99997588466165
976,0.99999542323268,0.99998240079285,0.99997623017077
977,0.99999548880566,0.99998265294301,0.99997657072965
978,0.99999555343917,0.99998290148052,0.99997690640922
979,0.99999561714664,0.99998314645715,0.99997723727938
980,0.99999567994135,0.99998338792391,0.99997756340906
981,0.99999574183639,0.99998362593109,0.99997788486615
982,0.99999580284462,0.99998386052826,0.99997820171762
983,0.99999586297878,0.99998409176427,0.99997851402944
984,0.99999592225137,0.99998431968727,0.99997882186665
985,0.99999598067474,0.99998454434474,0.99997912529338
986,0.99999603826105,0.99998476578347,0.99997942437279
987,0.99999609502231,0.99998498404956,0.9999797191672
988,0.99999615097033,0.99998519918847,0.99998000973797
989,0.99999620611676,0.99998541124502,0.99998029614563
990,0.99999626047308,0.99998562026335,0.99998057844983
991,0.99999631405063,0.999985826287,0.99998085670935
992,0.99999636686055,0.99998602935888,0.99998113098215
993,0.99999641891384,0.99998622952127,0.99998140132535
994,0.99999647022135,0.99998642681586,0.99998166779524
995,0.99999652079376,0.99998662128375,0.99998193044732
996,0.99999657064159,0.99998681296542,0.99998218933629
997,0.99999661977524,0.9999870019008,0.99998244451607
998,0.99999666820494,0.99998718812923,0.99998269603979
999,0.99999671594076,0.99998737168951,0.99998294395984
1000,0.99999676299266,0.99998755261985,0.99998318832785
